-- MySQL dump 10.13  Distrib 5.5.62, for Win64 (AMD64)
--
-- Host: localhost    Database: forum
-- ------------------------------------------------------
-- Server version	8.0.32

/*!40101 SET @OLD_CHARACTER_SET_CLIENT=@@CHARACTER_SET_CLIENT */;
/*!40101 SET @OLD_CHARACTER_SET_RESULTS=@@CHARACTER_SET_RESULTS */;
/*!40101 SET @OLD_COLLATION_CONNECTION=@@COLLATION_CONNECTION */;
/*!40101 SET NAMES utf8 */;
/*!40103 SET @OLD_TIME_ZONE=@@TIME_ZONE */;
/*!40103 SET TIME_ZONE='+00:00' */;
/*!40014 SET @OLD_UNIQUE_CHECKS=@@UNIQUE_CHECKS, UNIQUE_CHECKS=0 */;
/*!40014 SET @OLD_FOREIGN_KEY_CHECKS=@@FOREIGN_KEY_CHECKS, FOREIGN_KEY_CHECKS=0 */;
/*!40101 SET @OLD_SQL_MODE=@@SQL_MODE, SQL_MODE='NO_AUTO_VALUE_ON_ZERO' */;
/*!40111 SET @OLD_SQL_NOTES=@@SQL_NOTES, SQL_NOTES=0 */;

--
-- Table structure for table `forum_comment`
--

DROP TABLE IF EXISTS `forum_comment`;
/*!40101 SET @saved_cs_client     = @@character_set_client */;
/*!40101 SET character_set_client = utf8 */;
CREATE TABLE `forum_comment` (
  `comment_id` bigint NOT NULL COMMENT '主键',
  `zuopin_id` bigint NOT NULL COMMENT '作品外键',
  `user_id` bigint NOT NULL COMMENT '用户外键',
  `comment` varchar(200) NOT NULL COMMENT '评论内容主体',
  `parent_comment_id` bigint NOT NULL COMMENT '评论的根  默认:0 为1级top  如果是第二级:值为某个评论的id',
  `reply_user_id` bigint NOT NULL COMMENT '回复的是那个用户Id',
  `work_time` varchar(40) NOT NULL COMMENT '入库时间',
  `del` int NOT NULL DEFAULT '1' COMMENT '删除状态,0:已删除 1:未删除',
  `zan_count` int NOT NULL DEFAULT '0' COMMENT '点赞数',
  `reply_id` bigint NOT NULL COMMENT '回复是那条评论,评论id',
  `read_state` int NOT NULL DEFAULT '1' COMMENT '评论已读0,未读1',
  PRIMARY KEY (`comment_id`)
) ENGINE=InnoDB DEFAULT CHARSET=utf8mb4 COLLATE=utf8mb4_0900_ai_ci;
/*!40101 SET character_set_client = @saved_cs_client */;

--
-- Dumping data for table `forum_comment`
--

LOCK TABLES `forum_comment` WRITE;
/*!40000 ALTER TABLE `forum_comment` DISABLE KEYS */;
INSERT INTO `forum_comment` VALUES (1650040433884909570,1643564378806673409,1647766811354968067,'1',0,1643564378479517698,'2023-04-23 15:34:30',1,0,0,1),(1650396198646697985,1643564381092569089,1647766811354968067,'top1',0,1643564380765413377,'2023-04-24 15:08:11',1,0,0,1),(1650396223040770049,1643564381092569089,1647766811354968067,'top2',0,1643564380765413377,'2023-04-24 15:08:17',1,0,0,1),(1650396307044290561,1643564381092569089,1643564375287652353,'11111111111111111top3\r\n',0,1643564380765413377,'2023-04-24 15:08:37',1,1,0,1),(1650396329307656193,1643564381092569089,1643564375287652353,'top4',0,1643564380765413377,'2023-04-24 15:08:42',1,1,0,1),(1650396398941491201,1643564381092569089,1643564375287652353,'1',1650396223040770049,1647766811354968067,'2023-04-24 15:08:59',1,0,1650396223040770049,1),(1650396426384822273,1643564381092569089,1643564375287652353,'1',1650396198646697985,1647766811354968067,'2023-04-24 15:09:05',1,0,1650396198646697985,1),(1650396565061095426,1643564381092569089,1647766811354968066,'2',1650396223040770049,1647766811354968067,'2023-04-24 15:09:38',1,0,1650396223040770049,1),(1650396584501694465,1643564381092569089,1647766811354968066,'2',1650396198646697985,1647766811354968067,'2023-04-24 15:09:43',1,0,1650396198646697985,1),(1650399765474430977,1643564381092569089,1647766811426271233,'3',1650396223040770049,1643564375287652353,'2023-04-24 15:22:21',1,0,1650396398941491201,1),(1650406060164239361,1643564381092569089,1647766811354968066,'top5',0,1643564380765413377,'2023-04-24 15:47:22',1,0,0,1),(1650411471684620289,1643564381092569089,1647766811426271233,'1',1650396307044290561,1643564375287652353,'2023-04-24 16:08:52',1,0,1650396307044290561,1),(1650411748122808321,1643564381092569089,1647766811426271233,'哈哈',0,1643564380765413377,'2023-04-24 16:09:58',1,0,0,1),(1650412524257792001,1643564381092569089,1647766811426271233,'1',1650396329307656193,1643564375287652353,'2023-04-24 16:13:03',1,0,1650396329307656193,1),(1650412573796716546,1643564381092569089,1647766811426271233,'2',1650396223040770049,1647766811354968067,'2023-04-24 16:13:15',1,0,1650396223040770049,1),(1650412752037859329,1643564381092569089,1647766811354968067,'1',1650396329307656193,1643564375287652353,'2023-04-24 16:13:57',1,0,1650396329307656193,1),(1650413129391001602,1643564381092569089,1647766811426271233,'3',1650396223040770049,1647766811354968067,'2023-04-24 16:15:27',1,0,1650396223040770049,1),(1650413705994555393,1643564381092569089,1647766811426271233,'呵呵呵',1650396223040770049,1647766811354968066,'2023-04-24 16:17:45',1,0,1650396565061095426,1),(1650419292211859457,1643564381092569089,1647766811426271233,'1',1650406060164239361,1647766811354968066,'2023-04-24 16:39:57',1,0,1650406060164239361,1),(1650420799925735426,1643564381092569089,1647766811426271233,'5',1650396223040770049,1643564375287652353,'2023-04-24 16:45:56',1,0,1650396398941491201,1),(1650767287058984962,1643564381092569089,1647766811354968067,'22222',0,1643564380765413377,'2023-04-25 15:42:45',1,0,0,1),(1650771760321949697,1643564381092569089,1647766811426271233,'2',1650396307044290561,1643564375287652353,'2023-04-25 16:00:32',1,0,1650396307044290561,1),(1651039069720645633,1643564381092569089,1647766811426271233,'new',0,1643564380765413377,'2023-04-26 09:42:43',1,0,0,1),(1651049617229172737,1643564381092569089,1647766811426271233,'1234',0,1643564380765413377,'2023-04-26 10:24:25',1,0,0,1),(1651463254376792065,1643564381092569089,1647766811354968067,'222',0,1643564380765413377,'2023-04-27 13:48:17',1,0,0,1),(1655848495128276993,1643564381092569089,1647766811354968067,'呵呵呵[呲牙]哈哈哈',0,1643564380765413377,'2023-05-09 16:13:40',1,0,0,1),(1655862655929053186,1643564381092569089,1647766811354968067,'[大笑]啊哈哈哈',0,1643564380765413377,'2023-05-09 17:09:56',1,0,0,1),(1655863035253518338,1643564381092569089,1647766811354968067,'[大笑]3333',0,1643564380765413377,'2023-05-09 17:11:26',1,0,0,1),(1656112129855221762,1643564381092569089,1647766811354968067,'1[呲牙]2[大笑]3456',0,1643564380765413377,'2023-05-10 09:41:15',1,0,0,1),(1656112198377566209,1643564381092569089,1647766811354968067,'[呲牙]1111',0,1643564380765413377,'2023-05-10 09:41:31',1,0,0,1),(1656112236008861697,1643564381092569089,1647766811354968067,'[大笑2]2323',0,1643564380765413377,'2023-05-10 09:41:40',1,0,0,1),(1656112303910449153,1643564381092569089,1647766811354968067,'[大笑][呲牙][大笑]1',0,1643564380765413377,'2023-05-10 09:41:56',1,0,0,1),(1656112601483735042,1643564381092569089,1647766811354968067,'[大笑]3',0,1643564380765413377,'2023-05-10 09:43:07',1,0,0,1),(1656122011778052097,1643564381092569089,1647766811354968067,'1[大笑]23[呲牙]4',0,1643564380765413377,'2023-05-10 10:20:31',1,0,0,1),(1656174975272120321,1643564381092569089,1647766811354968067,'[大笑]1',0,1643564380765413377,'2023-05-10 13:50:59',1,0,0,1),(1656194408086532097,1643564383391047682,1647766811354968067,'[大笑][呲牙][大笑]1',0,1643564383126806530,'2023-05-10 15:08:12',1,0,0,1),(1656201016875245569,1643564381092569089,1647766811354968067,'[流泪]55',0,1643564380765413377,'2023-05-10 15:34:27',1,0,0,1),(1656201122869501953,1643564381092569089,1647766811354968067,'[捂脸]',0,1643564380765413377,'2023-05-10 15:34:53',1,0,0,1),(1656201211293818881,1643564381092569089,1647766811354968067,'[呲牙]',0,1643564380765413377,'2023-05-10 15:35:14',1,0,0,1),(1656201239760560130,1643564381092569089,1647766811354968067,'[大笑]',0,1643564380765413377,'2023-05-10 15:35:20',1,0,0,1),(1656543398300835842,1643564381092569089,1647766811354968067,'[捂脸]',0,1643564380765413377,'2023-05-11 14:14:57',1,0,0,1),(1656838738241462274,1643564381092569089,1647766811354968067,'[课代表]',0,1643564380765413377,'2023-05-12 09:48:32',1,0,0,1),(1657292828444549121,1643564381092569089,1647766811354968067,'1',0,1643564380765413377,'2023-05-13 15:52:55',1,0,0,1),(1657921938195861505,1643564381092569089,1647766811354968067,'1111',0,1643564380765413377,'2023-05-15 09:32:47',1,0,0,1),(1657922375590465537,1643564381092569089,1647766811354968067,' 1',0,1643564380765413377,'2023-05-15 09:34:31',1,0,0,1),(1657922387724587010,1643564381092569089,1647766811354968067,'222',0,1643564380765413377,'2023-05-15 09:34:34',1,0,0,1),(1657922399376363521,1643564381092569089,1647766811354968067,'333',0,1643564380765413377,'2023-05-15 09:34:37',1,0,0,1),(1657922704721694721,1643564381092569089,1647766811354968067,'    1',0,1643564380765413377,'2023-05-15 09:35:50',1,0,0,1),(1657928702706438145,1643564381092569089,1647766811354968067,'   12323',0,1643564380765413377,'2023-05-15 09:59:40',1,0,0,1),(1657935984039153665,1643564381092569089,1647766811354968067,'   2323',0,1643564380765413377,'2023-05-15 10:28:36',1,0,0,1),(1665914029958082561,1643564381092569089,1643564375287652353,'1111',0,1643564380765413377,'2023-06-06 10:50:30',1,0,0,1),(1665914041337229313,1643564381092569089,1643564375287652353,'2',0,1643564380765413377,'2023-06-06 10:50:33',1,0,0,1),(1665914155451658241,1643564381092569089,1647766811354968067,'111',1650396329307656193,1643564375287652353,'2023-06-06 10:51:00',1,0,1650396329307656193,1),(1665914208727707650,1643564381092569089,1647766811354968067,'1',1650396307044290561,1643564375287652353,'2023-06-06 10:51:13',1,0,1650396307044290561,1),(1668185974778945537,1643564376197816322,1647766811354968067,'1111',0,1643564375287652353,'2023-06-12 17:18:24',1,0,0,1),(1669175990556659714,1643564376197816322,1647766811354968067,'2222',0,1643564375287652353,'2023-06-15 10:52:22',1,1,0,1),(1669176086442643457,1643564376197816322,1647766811354968066,'333',0,1643564375287652353,'2023-06-15 10:52:45',1,0,0,1),(1669236991603855361,1643564376197816322,1647766811354968066,'2222',1669175990556659714,1647766811354968067,'2023-06-15 14:54:46',1,0,1669175990556659714,1),(1669237106439704577,1643564381092569089,1647766811354968066,'222',1650396223040770049,1647766811426271233,'2023-06-15 14:55:13',1,0,1650412573796716546,1);
/*!40000 ALTER TABLE `forum_comment` ENABLE KEYS */;
UNLOCK TABLES;

--
-- Table structure for table `forum_instruct_receive`
--

DROP TABLE IF EXISTS `forum_instruct_receive`;
/*!40101 SET @saved_cs_client     = @@character_set_client */;
/*!40101 SET character_set_client = utf8 */;
CREATE TABLE `forum_instruct_receive` (
  `instruct_id` bigint NOT NULL COMMENT '主键id',
  `instruct_type` int NOT NULL COMMENT '指令类型',
  `abstract_id` bigint NOT NULL COMMENT '抽象id,可以是对手用户ID,或者评论ID,或者赞ID,或其他业务ID',
  `work_time` varchar(40) NOT NULL,
  `status` int NOT NULL DEFAULT '1' COMMENT '状态 0:已处理,1:未处理,指令处理完之后更新为0',
  PRIMARY KEY (`instruct_id`)
) ENGINE=InnoDB DEFAULT CHARSET=utf8mb4 COLLATE=utf8mb4_0900_ai_ci COMMENT='指令接收表,在指定的动作发生的时候,进行数据记录,目前暂时只处理(评论,点赞,关注)这3种情况的消息处理,将来也许可能会有其他业务也用到,比如延迟注销等业务';
/*!40101 SET character_set_client = @saved_cs_client */;

--
-- Dumping data for table `forum_instruct_receive`
--

LOCK TABLES `forum_instruct_receive` WRITE;
/*!40000 ALTER TABLE `forum_instruct_receive` DISABLE KEYS */;
/*!40000 ALTER TABLE `forum_instruct_receive` ENABLE KEYS */;
UNLOCK TABLES;

--
-- Table structure for table `forum_join_knocking`
--

DROP TABLE IF EXISTS `forum_join_knocking`;
/*!40101 SET @saved_cs_client     = @@character_set_client */;
/*!40101 SET character_set_client = utf8 */;
CREATE TABLE `forum_join_knocking` (
  `id` bigint NOT NULL COMMENT '主键',
  `user_id` bigint NOT NULL COMMENT '用户ID',
  `abstract_id` bigint NOT NULL COMMENT '抽象ID,作品或者评论的id',
  `abstract_type` int NOT NULL DEFAULT '1' COMMENT '类型, 1:评论点赞2:作品点赞3:作品收藏4:关注表',
  `action_type` int DEFAULT '0' COMMENT '动作类型,区分长按,还是短暂按下',
  `work_time` varchar(40) NOT NULL COMMENT '入库时间',
  PRIMARY KEY (`id`)
) ENGINE=InnoDB DEFAULT CHARSET=utf8mb4 COLLATE=utf8mb4_0900_ai_ci COMMENT='敲击表,作品点赞,评论点赞和作品收藏,都使用这个表';
/*!40101 SET character_set_client = @saved_cs_client */;

--
-- Dumping data for table `forum_join_knocking`
--

LOCK TABLES `forum_join_knocking` WRITE;
/*!40000 ALTER TABLE `forum_join_knocking` DISABLE KEYS */;
INSERT INTO `forum_join_knocking` VALUES (1654669495999733761,1643564375287652353,1643564383391047682,3,0,'2023-05-06 10:08:44'),(1654669497723592706,1643564375287652353,1643564383391047682,2,0,'2023-05-06 10:08:45'),(1654735443100299266,1643564375287652353,1643564380765413377,4,0,'2023-05-06 14:30:47'),(1654747807245770754,1643564375287652353,1650396329307656193,1,0,'2023-05-06 15:19:55'),(1654747812253769729,1643564375287652353,1650396307044290561,1,0,'2023-05-06 15:19:56'),(1654753145701376002,1643564375287652353,1643564381293895681,4,0,'2023-05-06 15:41:08'),(1655390762604290049,1647766811354968066,1643564380765413377,4,0,'2023-05-08 09:54:48'),(1665970290909097986,1643564375287652353,1643564381092569089,2,0,'2023-06-06 14:34:04'),(1669176005945561089,1647766811354968067,1669175990556659714,1,0,'2023-06-15 10:52:26'),(1669176016120942594,1647766811354968067,1643564375287652353,4,0,'2023-06-15 10:52:28');
/*!40000 ALTER TABLE `forum_join_knocking` ENABLE KEYS */;
UNLOCK TABLES;

--
-- Table structure for table `forum_message`
--

DROP TABLE IF EXISTS `forum_message`;
/*!40101 SET @saved_cs_client     = @@character_set_client */;
/*!40101 SET character_set_client = utf8 */;
CREATE TABLE `forum_message` (
  `message_id` bigint NOT NULL COMMENT '主键',
  `message_type` int NOT NULL COMMENT '消息类型 1.评论消息 2.赞消息  3.被关注消息,增加了新的粉丝',
  `abstract_id` bigint DEFAULT NULL COMMENT '抽象ID,从指令表中获取设置,留个记录可能用不到',
  `user_id` bigint NOT NULL COMMENT '消息所属用户',
  `user_name` varchar(40) NOT NULL COMMENT '消息所属用户名称,信息不重要可以冗余,不怕改名',
  `user_content` varchar(200) NOT NULL COMMENT '你的消息内容',
  `happen_time` varchar(40) NOT NULL COMMENT '消息(动作)发生时间',
  `target_user_id` bigint NOT NULL COMMENT '对手方用户ID',
  `target_user_name` bigint NOT NULL COMMENT '对手方用户姓名',
  `target_content` varchar(200) NOT NULL COMMENT '对手方用户内容',
  `read_status` int NOT NULL DEFAULT '1' COMMENT '已读状态  0,已读,1未读',
  `work_time` varchar(40) NOT NULL COMMENT '数据插入本表时间,当前业务表的时间记录',
  PRIMARY KEY (`message_id`)
) ENGINE=InnoDB DEFAULT CHARSET=utf8mb4 COLLATE=utf8mb4_0900_ai_ci COMMENT='消息表,评论,点赞,关注这3种情况的消息处理';
/*!40101 SET character_set_client = @saved_cs_client */;

--
-- Dumping data for table `forum_message`
--

LOCK TABLES `forum_message` WRITE;
/*!40000 ALTER TABLE `forum_message` DISABLE KEYS */;
/*!40000 ALTER TABLE `forum_message` ENABLE KEYS */;
UNLOCK TABLES;

--
-- Table structure for table `forum_param`
--

DROP TABLE IF EXISTS `forum_param`;
/*!40101 SET @saved_cs_client     = @@character_set_client */;
/*!40101 SET character_set_client = utf8 */;
CREATE TABLE `forum_param` (
  `forum_cfg_key` varchar(40) CHARACTER SET utf8mb4 COLLATE utf8mb4_0900_ai_ci NOT NULL COMMENT '参数名称',
  `forum_cfg_value` varchar(40) CHARACTER SET utf8mb4 COLLATE utf8mb4_0900_ai_ci NOT NULL COMMENT '参数值',
  `desp` varchar(40) CHARACTER SET utf8mb4 COLLATE utf8mb4_0900_ai_ci DEFAULT NULL COMMENT '参数描述'
) ENGINE=InnoDB DEFAULT CHARSET=utf8mb4 COLLATE=utf8mb4_0900_ai_ci ROW_FORMAT=DYNAMIC COMMENT='论坛demo,参数表';
/*!40101 SET character_set_client = @saved_cs_client */;

--
-- Dumping data for table `forum_param`
--

LOCK TABLES `forum_param` WRITE;
/*!40000 ALTER TABLE `forum_param` DISABLE KEYS */;
INSERT INTO `forum_param` VALUES ('cfg_text_fold_limit','50','文字过长折叠限制'),('cfg_count_fold_limit','2','评论条数几条折叠'),('cfg_text_formwork','展开','展开 [某个评论内容过长提示模板]'),('cfg_count_formwork','展开*回复','展开[更多/5条]回复 [子评论过长模板],使用时替换'),('cfg_hot_count','5','热评值,点赞数超过多少就算热评'),('cfg_guanzhu_formwork','关注*已关注','关注/已关注模板,切割使用');
/*!40000 ALTER TABLE `forum_param` ENABLE KEYS */;
UNLOCK TABLES;

--
-- Table structure for table `forum_user`
--

DROP TABLE IF EXISTS `forum_user`;
/*!40101 SET @saved_cs_client     = @@character_set_client */;
/*!40101 SET character_set_client = utf8 */;
CREATE TABLE `forum_user` (
  `user_id` bigint NOT NULL COMMENT '主键,用户id',
  `user_name` varchar(40) CHARACTER SET utf8mb4 COLLATE utf8mb4_0900_ai_ci NOT NULL COMMENT '用户昵称,不可重复',
  `password` varchar(40) CHARACTER SET utf8mb4 COLLATE utf8mb4_0900_ai_ci NOT NULL COMMENT '账号登录密码',
  `sex` int NOT NULL DEFAULT '1' COMMENT '0:女  1:男',
  `address` varchar(40) CHARACTER SET utf8mb4 COLLATE utf8mb4_0900_ai_ci NOT NULL COMMENT '地址',
  `email` varchar(40) CHARACTER SET utf8mb4 COLLATE utf8mb4_0900_ai_ci NOT NULL COMMENT '邮箱',
  `user_head` varchar(100) CHARACTER SET utf8mb4 COLLATE utf8mb4_0900_ai_ci DEFAULT NULL COMMENT '用户头像,图片地址',
  PRIMARY KEY (`user_id`) USING BTREE
) ENGINE=InnoDB DEFAULT CHARSET=utf8mb4 COLLATE=utf8mb4_0900_ai_ci ROW_FORMAT=DYNAMIC COMMENT='论坛demo,用户表';
/*!40101 SET character_set_client = @saved_cs_client */;

--
-- Dumping data for table `forum_user`
--

LOCK TABLES `forum_user` WRITE;
/*!40000 ALTER TABLE `forum_user` DISABLE KEYS */;
INSERT INTO `forum_user` VALUES (1643564375287652353,'松坡将军','1',0,'华山','6660.@163.com','img/main_index/user_head/head0.image'),(1643564376785018881,'直男文史课','1',1,'赤壁','6661.@163.com','img/main_index/user_head/head1.image'),(1643564377825206273,'吕布','1',0,'珠海','6662.@163.com','img/main_index/user_head/head2.image'),(1643564378479517698,'保国同志','1',1,'凤阳','6663.@163.com','img/main_index/user_head/head3.image'),(1643564379070914562,'曹阿瞒','1',0,'月球','6664.@163.com','img/main_index/user_head/head4.image'),(1643564379721031681,'文西与阿漆','1',1,'火星','6665.@163.com','img/main_index/user_head/head5.image'),(1643564380182405121,'荀彧','1',0,'逍遥津','6666.@163.com','img/main_index/user_head/head6.image'),(1643564380765413377,'坤坤','1',1,'木叶村','6667.@163.com','img/main_index/user_head/head7.image'),(1643564381293895681,'爱新觉罗叶赫渣渣','1',0,'官渡','6668.@163.com','img/main_index/user_head/head8.image'),(1643564381885292545,'电梯战神','1',1,'函谷关','6669.@163.com','img/main_index/user_head/head9.image'),(1643564382472495106,'宇智波马达啦','1',0,'江东','66610.@163.com','img/main_index/user_head/head10.image'),(1643564383126806530,'冷淡熊','1',1,'百慕大','66611.@163.com','img/main_index/user_head/head11.image'),(1647766811354968066,'网络喷子','1',0,'洛兰','9990.@qq.com','img/main_index/user_head/head12.image'),(1647766811354968067,'小学生','1',1,'爱尔兰','9991.@qq.com','img/main_index/user_head/head13.image'),(1647766811426271233,'鲁班七号','1',0,'山东','9992.@qq.com','img/main_index/user_head/head14.image'),(1647766811426271234,'酱爆','1',1,'猪笼寨','9993.@qq.com','img/main_index/user_head/head15.image'),(1657915960264085506,'范德彪','1',1,'1','1',NULL);
/*!40000 ALTER TABLE `forum_user` ENABLE KEYS */;
UNLOCK TABLES;

--
-- Table structure for table `forum_zuo_pin`
--

DROP TABLE IF EXISTS `forum_zuo_pin`;
/*!40101 SET @saved_cs_client     = @@character_set_client */;
/*!40101 SET character_set_client = utf8 */;
CREATE TABLE `forum_zuo_pin` (
  `zuopin_id` bigint NOT NULL COMMENT '主键',
  `category` int NOT NULL COMMENT '分类 视频1/图片2/论题3',
  `content_type` int NOT NULL COMMENT '内容归类 科技,文学等...',
  `title` varchar(40) CHARACTER SET utf8mb4 COLLATE utf8mb4_0900_ai_ci NOT NULL COMMENT '内容标题',
  `brief_desp` varchar(500) CHARACTER SET utf8mb4 COLLATE utf8mb4_0900_ai_ci NOT NULL DEFAULT '这个人很懒,没有简介~' COMMENT '内容简介',
  `img_path` varchar(100) CHARACTER SET utf8mb4 COLLATE utf8mb4_0900_ai_ci DEFAULT NULL COMMENT '封面图片地址',
  `video_path` varchar(100) CHARACTER SET utf8mb4 COLLATE utf8mb4_0900_ai_ci DEFAULT NULL COMMENT '视频地址',
  `yuanchuang` tinyint NOT NULL DEFAULT '0' COMMENT '原创 boolean值  true(1)和false(0)',
  `look_count` int NOT NULL DEFAULT '0' COMMENT '观看次数,6万次观看',
  `dan_mu` int NOT NULL DEFAULT '0' COMMENT '弹幕条数,82条弹幕',
  `work_time` varchar(40) CHARACTER SET utf8mb4 COLLATE utf8mb4_0900_ai_ci NOT NULL COMMENT '发布时间',
  `biao_qian` varchar(40) CHARACTER SET utf8mb4 COLLATE utf8mb4_0900_ai_ci DEFAULT NULL COMMENT '标签:#猫咪的迷惑行为  #猫咪  #动物',
  `del` int NOT NULL DEFAULT '1' COMMENT '删除标志 0:已删除 1:未删除',
  `zan` int NOT NULL DEFAULT '0' COMMENT '视频点赞数',
  `love` int NOT NULL DEFAULT '0' COMMENT '视频收藏数',
  `user_id` bigint NOT NULL COMMENT '外键,标识该内容是由那个用户发布的',
  PRIMARY KEY (`zuopin_id`) USING BTREE
) ENGINE=InnoDB DEFAULT CHARSET=utf8mb4 COLLATE=utf8mb4_0900_ai_ci ROW_FORMAT=DYNAMIC;
/*!40101 SET character_set_client = @saved_cs_client */;

--
-- Dumping data for table `forum_zuo_pin`
--

LOCK TABLES `forum_zuo_pin` WRITE;
/*!40000 ALTER TABLE `forum_zuo_pin` DISABLE KEYS */;
INSERT INTO `forum_zuo_pin` VALUES (1643564376197816322,1,17,'世界上最伟大的工程之一,都江堰为什么能运转200多年?','世界上最伟大的工程之一,都江堰为什么能运转200多年?','img/main_index/vedio_img/main_tupian0.avif','vedio/gou.mp4',1,58449,78539,'2023-02-05 01:25:46','#动物,#搞笑,#迷惑行为',1,37806,0,1643564375287652353),(1643564377368027138,1,16,'【三国2022】主公过了20岁，就不能像个小诸侯了！','这个人很懒,没有简介~','img/main_index/vedio_img/main_tupian1.avif','vedio/gou.mp4',0,30245,39691,'2021-11-08 04:10:18','#动物,#搞笑,#迷惑行为',1,55121,0,1643564376785018881),(1643564378282385410,1,15,'【吸奇侠】《三国》孙权做了哪些恶？图什么？','这个人很懒,没有简介~','img/main_index/vedio_img/main_tupian2.avif','vedio/gou.mp4',1,51699,14518,'2021-08-13 21:20:26','#动物,#搞笑,#迷惑行为',1,25963,0,1643564377825206273),(1643564378806673409,1,14,'二姐一本正经的教，三姐和爷爷一本正经的学','这个人很懒,没有简介~','img/main_index/vedio_img/main_tupian3.avif','vedio/gou.mp4',0,8499,40703,'2021-08-03 07:47:55','#动物,#搞笑,#迷惑行为',1,11055,0,1643564378479517698),(1643564379398070274,1,13,'曹操：你吕布什么档次和我一个爱好？','这个人很懒,没有简介~','img/main_index/vedio_img/main_tupian4.avif','vedio/gou.mp4',1,50942,83275,'2022-08-05 11:34:35','#动物,#搞笑,#迷惑行为',1,66748,0,1643564379070914562),(1643564379922358274,1,12,'开心锤锤：你羡慕别人的时候，说不定别人也在羡慕着你','这个人很懒,没有简介~','img/main_index/vedio_img/main_tupian5.avif','vedio/gou.mp4',0,70150,31290,'2021-12-11 21:02:37','#动物,#搞笑,#迷惑行为',1,99604,0,1643564379721031681),(1643564380442451970,1,11,'吴用到底是真的智多星还是狗头军师？大哥身后的他有几张面孔？','吴用到底是真的智多星还是狗头军师？大哥身后的他有几张面孔？','img/main_index/vedio_img/main_tupian6.avif','vedio/gou.mp4',1,61090,71195,'2021-05-22 23:06:39','#动物,#搞笑,#迷惑行为',1,73344,0,1643564380182405121),(1643564381092569089,1,10,'看谁不爽就是怼，记住我叫李宏伟！','3岁就能指出父亲算账的错误，9岁就能算出1-100的和，11岁导开了二项定理的一般展开式，并对无穷级数的展开也信手拈来，震惊了整个布伦瑞克。16岁的高斯就预测了非欧几何，17岁他发现了质数分布定律和最小二乘法，到了19岁的时候，他更是在数学上有了登峰造极的表现，打破了数学史两千多年的沉寂，证明了正十七边形尺规作图的可行性。更难能可贵的是，高斯将这种逆天的研究状态保持了数十年之久，给出了110多个定理，在数论，代数论、微分几何、非欧几何、复变函数、算学研究等方面都做出了奠基性的贡献。参考文献：1，《近世数学史谈》高木贞治 东京共立社  19332，《浅谈数学家高斯的贡献》  万忠义  福建质量管理3，《数学家高斯的成就和给我们的启示》  俞锡光  数学教学通讯4，《把高斯的高贵品格和数学精神带进大学课堂》  赵三平  内江科技','img/main_index/vedio_img/main_tupian7.avif','vedio/gou.mp4',0,186490,10,'2023-02-16 11:30:59','#动物,#搞笑,#迷惑行为',1,1112,0,1643564380765413377),(1643564381558136834,1,9,'嘎子卖手机 潘叔把握不住了！','嘎子卖手机 潘叔把握不住了！','img/main_index/vedio_img/main_tupian8.avif','vedio/gou.mp4',1,116490,5927,'2023-04-16 11:30:59','#动物,#搞笑,#迷惑行为',1,52055,0,1643564381293895681),(1643564382149533697,1,8,'我的热爱《水浒传》：被嫌弃的时迁一生，轻功第一为何排名垫底？','我的热爱《水浒传》：被嫌弃的时迁一生，轻功第一为何排名垫底？','img/main_index/vedio_img/main_tupian9.avif','vedio/gou.mp4',0,33937,93029,'2022-08-12 05:39:29','#动物,#搞笑,#迷惑行为',1,26631,0,1643564381885292545),(1643564382665433089,1,7,'宋江哥哥收服小弟的超强领导艺术，给钱？诛心？还是断其后路？','宋江哥哥收服小弟的超强领导艺术，给钱？诛心？还是断其后路？','img/main_index/vedio_img/main_tupian10.avif','vedio/gou.mp4',1,3222,99412,'2022-10-13 00:03:02','#动物,#搞笑,#迷惑行为',1,25051,0,1643564382472495106),(1643564383391047682,1,6,'我大意了啊,没有闪!','我大意了啊,没有闪!','img/main_index/vedio_img/main_tupian11.avif','vedio/gou.mp4',0,88831,59450,'2021-11-01 13:14:01','#动物,#搞笑,#迷惑行为',1,4512,1,1643564383126806530);
/*!40000 ALTER TABLE `forum_zuo_pin` ENABLE KEYS */;
UNLOCK TABLES;

--
-- Dumping routines for database 'forum'
--
/*!40103 SET TIME_ZONE=@OLD_TIME_ZONE */;

/*!40101 SET SQL_MODE=@OLD_SQL_MODE */;
/*!40014 SET FOREIGN_KEY_CHECKS=@OLD_FOREIGN_KEY_CHECKS */;
/*!40014 SET UNIQUE_CHECKS=@OLD_UNIQUE_CHECKS */;
/*!40101 SET CHARACTER_SET_CLIENT=@OLD_CHARACTER_SET_CLIENT */;
/*!40101 SET CHARACTER_SET_RESULTS=@OLD_CHARACTER_SET_RESULTS */;
/*!40101 SET COLLATION_CONNECTION=@OLD_COLLATION_CONNECTION */;
/*!40111 SET SQL_NOTES=@OLD_SQL_NOTES */;

-- Dump completed on 2023-06-16 15:45:05
